peaks,locaitons
2215,58.0215555526884
4417,55.0070013415341
722,55.0070013415341
967,55.0070013415341
2410,55.0113078475501
2743,55.0070013415341
1823,55.1361965220122
3,5.00846649653207
1139,55.0070013415341
2097,55.0070013415341
