peaks,locaitons
897,56.5616500132866
9,54.2146042346021
1018,55.0070013415341
3632,55.0070013415341
1639,55.0026948355182
2687,55.0285338716138
3535,54.9983883295023
496,54.9553232693429
2151,55.0026948355182
877,55.0070013415341
